INSERT INTO CLIENTS (client_id, client_name, discount) VALUES
(1, 'Иванов Иван Иванович', 2.5),
(2, 'Петров Петр Петрович', 3.2),
(3, 'Сидоров Александр Сергеевич', 1.8),
(4, 'Козлов Андрей Алексеевич', 4.6),
(5, 'Новикова Елена Владимировна', 0.7),
(6, 'Морозова Мария Васильевна', 3.9),
(7, 'Кузнецов Анатолий Игоревич', 2.3),
(8, 'Васильева Ольга Николаевна', 1.2),
(9, 'Борисова Анастасия Александровна', 4.1),
(10, 'Алексеев Дмитрий Сергеевич', 0.5);

INSERT INTO AGENTS (agent_id, agent_name, commission) VALUES
(1, 'Смирнова Анна Ивановна', 8.5),
(2, 'Иванов Алексей Петрович', 9.3),
(3, 'Кузнецова Мария Сергеевна', 11.2),
(4, 'Попов Владимир Александрович', 6.7),
(5, 'Соколова Елена Викторовна', 12.8),
(6, 'Лебедев Игорь Дмитриевич', 14.1),
(7, 'Козлова Наталья Алексеевна', 7.6),
(8, 'Новиков Виктор Иванович', 10.5),
(9, 'Морозова Анна Сергеевна', 13.2),
(10, 'Петров Сергей Александрович', 5.9);

INSERT INTO INSURANCE (insurance_id, insurance_name, tariff) VALUES
(1, 'Страхование автомобиля', 3.2),
(2, 'Страхование недвижимости', 4.7),
(3, 'Страхование жизни', 2.5),
(4, 'Медицинское страхование', 1.8),
(5, 'Страхование путешествий', 3.9),
(6, 'Страхование имущества', 2.1),
(7, 'Страхование ответственности', 4.3),
(8, 'Страхование бизнеса', 5.0),
(9, 'Страхование здоровья', 1.3),
(10, 'Страхование техники', 4.6);

INSERT INTO CONTRACTS (contract_id, client_id, agent_id, insurance_amount, insurance_id, contract_date) VALUES
(1, 1, 1, 450000.00, 1, '2018-09-15'),
(2, 2, 2, 1000000.00, 2, '2019-06-23'),
(3, 3, 3, 1500000.00, 3, '2020-11-11'),
(4, 4, 4, 900000.00, 4, '2021-03-30'),
(5, 5, 5, 100000.00, 5, '2022-05-17'),
(6, 6, 6, 1900000.00, 6, '2018-08-08'),
(7, 7, 7, 500000.00, 7, '2019-07-25'),
(8, 8, 8, 800000.00, 8, '2020-10-14'),
(9, 9, 9, 250000.00, 9, '2021-12-02'),
(10, 10, 10, 1700000.00, 10, '2022-04-20'),
(11, 1, 2, 1400000.00, 1, '2018-12-09'),
(12, 2, 3, 1100000.00, 2, '2019-02-14'),
(13, 3, 4, 700000.00, 3, '2020-07-21'),
(14, 4, 5, 1600000.00, 4, '2021-09-05'),
(15, 5, 6, 1300000.00, 5, '2022-10-29'),
(16, 6, 7, 600000.00, 6, '2018-01-19'),
(17, 7, 8, 400000.00, 7, '2019-03-15'),
(18, 8, 9, 2000000.00, 8, '2020-06-12'),
(19, 9, 10, 550000.00, 9, '2021-08-30'),
(20, 10, 1, 300000.00, 10, '2022-11-22'),
(21, 1, 2, 800000.00, 1, '2018-02-03'),
(22, 2, 3, 1700000.00, 2, '2019-04-18'),
(23, 3, 4, 1300000.00, 3, '2020-06-27'),
(24, 4, 5, 1100000.00, 4, '2021-09-12'),
(25, 5, 6, 900000.00, 5, '2022-11-08'),
(26, 6, 7, 100000.00, 6, '2018-03-02'),
(27, 7, 8, 1900000.00, 7, '2019-04-17'),
(28, 8, 9, 600000.00, 8, '2020-08-25'),
(29, 9, 10, 1500000.00, 9, '2021-11-10'),
(30, 10, 1, 500000.00, 10, '2022-01-15'),
(31, 1, 2, 800000.00, 1, '2018-04-19'),
(32, 2, 3, 1600000.00, 2, '2019-06-22'),
(33, 3, 4, 900000.00, 3, '2020-10-01'),
(34, 4, 5, 400000.00, 4, '2021-11-25'),
(35, 5, 6, 1500000.00, 5, '2022-02-20'),
(36, 6, 7, 2000000.00, 6, '2018-05-13'),
(37, 7, 8, 1000000.00, 7, '2019-07-04'),
(38, 8, 9, 700000.00, 8, '2020-09-17'),
(39, 9, 10, 1400000.00, 9, '2021-12-30'),
(40, 10, 1, 1800000.00, 10, '2022-02-11'),
(41, 1, 2, 300000.00, 1, '2018-05-06'),
(42, 2, 3, 600000.00, 2, '2019-07-19'),
(43, 3, 4, 1200000.00, 3, '2020-08-12'),
(44, 4, 5, 1000000.00, 4, '2021-10-04'),
(45, 5, 6, 1300000.00, 5, '2022-12-01'),
(46, 6, 7, 800000.00, 6, '2018-01-05'),
(47, 7, 8, 700000.00, 7, '2019-02-18'),
(48, 8, 9, 1900000.00, 8, '2020-04-09'),
(49, 9, 10, 400000.00, 9, '2021-05-23'),
(50, 10, 1, 900000.00, 10, '2022-07-16');